{
    "Specific": [
        {
            "Path": "walk_0_item.png",
            "PivotX": 0.5,
            "PivotY": 1.5
        },
        {
            "Path": "walk_1_item.png",
            "PivotX": 0.5,
            "PivotY": 1.5
        },
        {
            "Path": "walk_2_item.png",
            "PivotX": 0.5,
            "PivotY": 1.5
        },
        {
            "Path": "walk_3_item.png",
            "PivotX": 0.5,
            "PivotY": 1.5
        }
    ]
}